<?xml version="1.0" encoding="utf-8" ?>
<dwsync>
<file name="pictos-web.eot" server="D:/xampp/htdocs/prosentra/wp-content/themes/smartpage/" local="132096489833136309" remote="132096489830000000" Dst="0" />
<file name="pictos-web.svg" server="D:/xampp/htdocs/prosentra/wp-content/themes/smartpage/" local="132096489833146333" remote="132096489830000000" Dst="0" />
<file name="pictos-web.ttf" server="D:/xampp/htdocs/prosentra/wp-content/themes/smartpage/" local="132096489833156327" remote="132096489830000000" Dst="0" />
<file name="pictos-web.woff" server="D:/xampp/htdocs/prosentra/wp-content/themes/smartpage/" local="132096489833166133" remote="132096489830000000" Dst="0" />
<file name="quicksand-bold-webfont.eot" server="D:/xampp/htdocs/prosentra/wp-content/themes/smartpage/" local="132096489833176125" remote="132096489830000000" Dst="0" />
<file name="raleway-bold-webfont.eot" server="D:/xampp/htdocs/prosentra/wp-content/themes/smartpage/" local="132096489833176125" remote="132096489830000000" Dst="0" />
<file name="raleway-bold-webfont.ttf" server="D:/xampp/htdocs/prosentra/wp-content/themes/smartpage/" local="132096489833186122" remote="132096489830000000" Dst="0" />
<file name="raleway-bold-webfont.woff" server="D:/xampp/htdocs/prosentra/wp-content/themes/smartpage/" local="132096489833196129" remote="132096489830000000" Dst="0" />
<file name="raleway-light-webfont.eot" server="D:/xampp/htdocs/prosentra/wp-content/themes/smartpage/" local="132096489833206154" remote="132096489830000000" Dst="0" />
<file name="raleway-light-webfont.ttf" server="D:/xampp/htdocs/prosentra/wp-content/themes/smartpage/" local="132096489833216299" remote="132096489830000000" Dst="0" />
<file name="raleway-light-webfont.woff" server="D:/xampp/htdocs/prosentra/wp-content/themes/smartpage/" local="132096489833216299" remote="132096489830000000" Dst="0" />
<file name="raleway-regular-webfont.eot" server="D:/xampp/htdocs/prosentra/wp-content/themes/smartpage/" local="132096489833226098" remote="132096489830000000" Dst="0" />
<file name="raleway-regular-webfont.ttf" server="D:/xampp/htdocs/prosentra/wp-content/themes/smartpage/" local="132096489833236282" remote="132096489830000000" Dst="0" />
<file name="raleway-regular-webfont.woff" server="D:/xampp/htdocs/prosentra/wp-content/themes/smartpage/" local="132096489833246275" remote="132096489830000000" Dst="0" />
<file name="raleway-thin-webfont.eot" server="D:/xampp/htdocs/prosentra/wp-content/themes/smartpage/" local="132096489833256086" remote="132096489830000000" Dst="0" />
<file name="raleway-thin-webfont.ttf" server="D:/xampp/htdocs/prosentra/wp-content/themes/smartpage/" local="132096489833266078" remote="132096489830000000" Dst="0" />
<file name="raleway-thin-webfont.woff" server="D:/xampp/htdocs/prosentra/wp-content/themes/smartpage/" local="132096489833266078" remote="132096489830000000" Dst="0" />
</dwsync>